track,source_sha,package_version,learner_hash,instructor_hash,verification,decrypt,lessons,assignments,quizzes,labs,discussions,groups,rubrics,outcomes,portfolio,rubric_coverage,outcome_coverage,portfolio_mapping,install,learner_visible,instructor_visible,offline,ai_policy,final_status,blocker
DIGITAL_CONFIDENCE,63ba9f25ac6b8d8d1b6dd118923566fd51c57b62,1.0.0,e8f2c1a7c0167bacf336510e050c1df40a2fa544c58d5f7d23350b05cf99556f,c064f18c3630db0ec9bc403dacef08c03608d08053f996d33868580ff7b0e658,PASS,PASS,10,10,10,10,0,25,8,4,3,YES,YES,YES,PASS,PASS,PASS,YES,PRESENT,PASS,
IT_SUPPORT_HARDWARE,63ba9f25ac6b8d8d1b6dd118923566fd51c57b62,1.0.0,27e7408146bb75e5e42191183d9bf74197fea7ed11c5b6919f08c77f6592cc3e,eee09b62d4c51acdc6441248ac621d689c7b137f30755836b774c10e28ba6204,PASS,PASS,10,10,10,10,0,1,8,4,3,YES,YES,YES,PASS,PASS,PASS,YES,ABSENT,PASS,
SOFTWARE_BUILDER,63ba9f25ac6b8d8d1b6dd118923566fd51c57b62,1.0.0,5e13e449c0338dd9875a154a85025bfa462f8bdb26f4c08af24ff505eb76922c,6d151ff8f3493d2524ef395e15d2a6617f5382453722aa463bce27cdf7c3aa49,PASS,PASS,10,10,10,10,0,1,8,4,3,YES,YES,YES,PASS,PASS,PASS,YES,PRESENT,PASS,
NETWORKING_INFRA,63ba9f25ac6b8d8d1b6dd118923566fd51c57b62,1.0.0,c5cabf7839c988e4ac5df00121165c02023b01134e46cd44ddeb69542fdac547,ae8b873f0f3aed6cd926b2f09534c035da85549b8ddde4a0101ae77d5ee9cbce,PASS,PASS,10,10,10,14,0,1,11,4,3,YES,YES,YES,PASS,PASS,PASS,YES,PRESENT,PASS,
CYBER_SOC,63ba9f25ac6b8d8d1b6dd118923566fd51c57b62,1.0.0,bf8cca6c3445f4e1261254f7724b77f618b6a1e39d42a287d3d09959d0d797e9,ce482efe6aca631ff3ca8e8492cd43eab9b9972fa5013ede6588694127f156bb,PASS,PASS,10,10,10,13,0,1,11,4,3,YES,YES,YES,PASS,PASS,PASS,YES,PRESENT,PASS,
DATA_DASHBOARDS,63ba9f25ac6b8d8d1b6dd118923566fd51c57b62,1.0.0,7d8f9745dd1d4b0c1f8ddb16661c4ece17006f628cd0ba9ff2b021db8afeb2b4,78596422b40af40986f00e537a00bc1ace6238afd8b70c3b1d102bf2167e87a8,PASS,PASS,10,10,10,10,0,1,8,4,3,YES,YES,YES,PASS,PASS,PASS,YES,PRESENT,PASS,
AI_ML_EDGE,63ba9f25ac6b8d8d1b6dd118923566fd51c57b62,1.0.0,5b6ba240a2c68c19c3344bd9a288b27564f9c02ecdf41c8580f730d2d0de8109,94e33637b13dc3b86a7c05d24f02b2237a444bd64e28be28e726944106f4b6f3,PASS,PASS,10,10,10,10,0,1,8,4,3,YES,YES,YES,PASS,PASS,PASS,YES,PRESENT,PASS,
EMBEDDED_PROTOTYPING,63ba9f25ac6b8d8d1b6dd118923566fd51c57b62,1.0.0,65334a73d814457685b0a2ada72fd3d98088fa54dc014435efa574bc9056e34b,cdf28b1f877419e39c26a2ac4df8d27b2c0872ec6679ce989789cb08f8cb7518,PASS,PASS,10,10,10,10,0,1,8,4,3,YES,YES,YES,PASS,PASS,PASS,YES,PRESENT,PASS,
WIRELESS_6G,63ba9f25ac6b8d8d1b6dd118923566fd51c57b62,1.0.0,5eb1899cf12618735735a6624e35ad1fde6ddb7446a8eeec3af17b3fec479f0b,a2697ff5038fd097315f02aa3aed878ea8c37acff161e265ebbdb02bd41577cd,PASS,PASS,10,10,10,10,0,1,8,4,3,YES,YES,YES,PASS,PASS,PASS,YES,PRESENT,PASS,
PM_AGILE_LSS,63ba9f25ac6b8d8d1b6dd118923566fd51c57b62,1.0.0,54af8985a13811d0bf28bf6f69bce6d397ea4ddaf8ff46756746e31401d7a9a9,40ed113dad49cbadc09df253c345258cf00ed5043899795ec5671a06ba9140d0,PASS,PASS,10,10,10,10,0,1,8,4,3,YES,YES,YES,PASS,PASS,PASS,YES,PRESENT,PASS,
GAME_DEV_INTERACTIVE,63ba9f25ac6b8d8d1b6dd118923566fd51c57b62,1.0.0,2c324cb5306296843ab90bd8da9f378d56e980bf024524b425f098552f007d38,7cb311010ea12bf7f123edfded48009e240cb9155b5681ec97ec275782f7283c,PASS,PASS,10,10,10,10,0,1,8,4,3,YES,YES,YES,PASS,PASS,PASS,YES,PRESENT,PASS,
SEVEN_GC_APPRENTICESHIP,63ba9f25ac6b8d8d1b6dd118923566fd51c57b62,1.0.0,35feb9c944df213f3897f878b245f74b1786b88c1deef0c931e84111bab08e76,797cc99df1e8c06912f826c44cbb7db78aaebb0eb65522e5cb195e063e45e9b8,PASS,PASS,10,10,10,10,0,1,8,4,3,YES,YES,YES,PASS,PASS,PASS,YES,PRESENT,PASS,
CLOUD_DEVOPS,63ba9f25ac6b8d8d1b6dd118923566fd51c57b62,1.0.0,7e0042140bef75ebbc671aee363cec4db251dbc2a34c4935aed7b3df1db8cbbe,7e85a273ba02942deafb3a2bfe7f02bc589d91156f0ae34a1a70837621929e64,PASS,PASS,10,10,10,10,0,1,8,4,3,YES,YES,YES,PASS,PASS,PASS,YES,PRESENT,PASS,
COMM_PD_ETHICS,63ba9f25ac6b8d8d1b6dd118923566fd51c57b62,1.0.0,3907ff906eff4cd930b5a783e19dcbdd9d839328a6b515e137d8145db891a31e,0918d7ae16449702241ae7d67639598f1b9b76f83b6abfbd6f626a0fa615f2df,PASS,PASS,10,10,10,10,0,1,8,4,3,YES,YES,YES,PASS,PASS,PASS,YES,PRESENT,PASS,
ROBOTICS_CONTROL,63ba9f25ac6b8d8d1b6dd118923566fd51c57b62,1.0.0,6c5c550580e0cb4b53826158e9a305612ecc74ee7d1aa837016f515568923eb7,8f21f543970008a2c4096defcd4b388fd5e5bc9beffc435acb04a116cd31b6af,PASS,PASS,10,10,10,10,0,1,8,4,3,YES,YES,YES,PASS,PASS,PASS,YES,PRESENT,PASS,
GUNNCHOS_PRODUCT_LAB,63ba9f25ac6b8d8d1b6dd118923566fd51c57b62,1.0.0,a498d5dfa9c40cb72edc7fe416b2680ecca30b72b0a5785159d1dd118617ca62,20c812a3039ea0131106362f65566415751897f098232d2db348f6e2c88a6c12,PASS,PASS,10,10,10,10,0,1,8,4,3,YES,YES,YES,PASS,PASS,PASS,YES,PRESENT,PASS,
HARDWARE_ENGINEERING,63ba9f25ac6b8d8d1b6dd118923566fd51c57b62,1.0.0,4cf4127560013371ebdecd6d60631e946ace0c6b77ca04af9f6ec437f9eee76e,4a9126a7d9701b1e2cf2a663e1cb6aa477dc2a7280b11e106ef284a03466f5dc,PASS,PASS,10,10,10,10,0,1,8,4,3,YES,YES,YES,PASS,PASS,PASS,YES,PRESENT,PASS,
DATA_VIZ_BI,63ba9f25ac6b8d8d1b6dd118923566fd51c57b62,1.0.0,0b62ece18ed718adf780cc6c6d4b1f64b9c883a5ca606474a42929b10e965f87,f441f6e5832e3d2da0dc20557efe2bf19e0701f7a2cc7f8daef3db38110e7534,PASS,PASS,10,10,10,10,0,1,8,4,3,YES,YES,YES,PASS,PASS,PASS,YES,PRESENT,PASS,
